,mAP50-95 (Mask),mAP50 (Mask),Inference (ms/img),Parameters (M)
../.pts/yolo26n-seg.pt,0.5383566134076526,0.7625943281715268,7.125980000055279,3.053055
../.pts/yolo26s-seg.pt,0.5861552792660975,0.809630595806982,10.786941999976989,11.434463
../.pts/yolo11n-seg.pt,0.5611181696381952,0.8146226898229748,2.4253419999877224,2.842803
../.pts/yolo11s-seg.pt,0.5064980692428542,0.7633091184180236,6.631985999993049,10.082675
../.pts/FastSAM-s.pt,0.46703232645843995,0.6910229971617045,5.032592000061413,11.790483
